KEM,Cert,Iteration,Time
mlkem512,rsa_2048,1,18.01
mlkem512,rsa_2048,2,17.89
mlkem512,rsa_2048,3,17.67
mlkem512,rsa_2048,4,17.92
mlkem512,rsa_2048,5,18.29
mlkem512,rsa_2048,6,17.83
mlkem512,rsa_2048,7,17.81
mlkem512,rsa_2048,8,17.63
mlkem512,rsa_2048,9,18.14
mlkem512,rsa_2048,10,17.61
mlkem512,rsa_2048,11,17.80
mlkem512,rsa_2048,12,17.41
mlkem512,rsa_2048,13,17.61
mlkem512,rsa_2048,14,17.75
mlkem512,rsa_2048,15,17.79
mlkem512,rsa_2048,16,18.00
mlkem512,rsa_2048,17,17.26
mlkem512,rsa_2048,18,17.59
mlkem512,rsa_2048,19,17.76
mlkem512,rsa_2048,20,17.98
mlkem512,rsa_2048,21,17.66
mlkem512,rsa_2048,22,17.40
mlkem512,rsa_2048,23,17.50
mlkem512,rsa_2048,24,17.72
mlkem512,rsa_2048,25,17.69
mlkem512,rsa_2048,26,17.71
mlkem512,rsa_2048,27,17.69
mlkem512,rsa_2048,28,17.73
mlkem512,rsa_2048,29,18.05
mlkem512,rsa_2048,30,17.93
mlkem512,rsa_2048,31,17.71
mlkem512,rsa_2048,32,17.89
mlkem512,rsa_2048,33,17.73
mlkem512,rsa_2048,34,17.74
mlkem512,rsa_2048,35,17.85
mlkem512,rsa_2048,36,17.65
mlkem512,rsa_2048,37,17.89
mlkem512,rsa_2048,38,17.65
mlkem512,rsa_2048,39,17.76
mlkem512,rsa_2048,40,17.99
mlkem512,rsa_2048,41,17.77
mlkem512,rsa_2048,42,17.51
mlkem512,rsa_2048,43,17.67
mlkem512,rsa_2048,44,17.61
mlkem512,rsa_2048,45,17.56
mlkem512,rsa_2048,46,17.96
mlkem512,rsa_2048,47,17.68
mlkem512,rsa_2048,48,17.66
mlkem512,rsa_2048,49,18.05
mlkem512,rsa_2048,50,17.86
mlkem512,mldsa44,1,16.46
mlkem512,mldsa44,2,16.77
mlkem512,mldsa44,3,16.84
mlkem512,mldsa44,4,16.86
mlkem512,mldsa44,5,17.93
mlkem512,mldsa44,6,16.14
mlkem512,mldsa44,7,17.16
mlkem512,mldsa44,8,16.56
mlkem512,mldsa44,9,16.81
mlkem512,mldsa44,10,17.04
mlkem512,mldsa44,11,16.82
mlkem512,mldsa44,12,16.57
mlkem512,mldsa44,13,16.10
mlkem512,mldsa44,14,17.03
mlkem512,mldsa44,15,16.56
mlkem512,mldsa44,16,16.34
mlkem512,mldsa44,17,16.33
mlkem512,mldsa44,18,16.21
mlkem512,mldsa44,19,16.91
mlkem512,mldsa44,20,16.72
mlkem512,mldsa44,21,17.51
mlkem512,mldsa44,22,17.54
mlkem512,mldsa44,23,18.34
mlkem512,mldsa44,24,15.68
mlkem512,mldsa44,25,14.96
mlkem512,mldsa44,26,17.44
mlkem512,mldsa44,27,14.41
mlkem512,mldsa44,28,15.31
mlkem512,mldsa44,29,13.90
mlkem512,mldsa44,30,14.27
mlkem512,mldsa44,31,15.16
mlkem512,mldsa44,32,15.20
mlkem512,mldsa44,33,15.46
mlkem512,mldsa44,34,15.97
mlkem512,mldsa44,35,15.87
mlkem512,mldsa44,36,17.11
mlkem512,mldsa44,37,17.19
mlkem512,mldsa44,38,16.51
mlkem512,mldsa44,39,16.04
mlkem512,mldsa44,40,15.75
mlkem512,mldsa44,41,14.72
mlkem512,mldsa44,42,16.16
mlkem512,mldsa44,43,15.94
mlkem512,mldsa44,44,14.37
mlkem512,mldsa44,45,14.68
mlkem512,mldsa44,46,15.28
mlkem512,mldsa44,47,15.48
mlkem512,mldsa44,48,16.18
mlkem512,mldsa44,49,16.23
mlkem512,mldsa44,50,15.36
mlkem512,falcon512,1,16.36
mlkem512,falcon512,2,15.23
mlkem512,falcon512,3,14.02
mlkem512,falcon512,4,14.06
mlkem512,falcon512,5,14.25
mlkem512,falcon512,6,15.87
mlkem512,falcon512,7,15.93
mlkem512,falcon512,8,14.06
mlkem512,falcon512,9,14.05
mlkem512,falcon512,10,13.97
mlkem512,falcon512,11,13.63
mlkem512,falcon512,12,14.24
mlkem512,falcon512,13,13.85
mlkem512,falcon512,14,14.62
mlkem512,falcon512,15,13.23
mlkem512,falcon512,16,14.34
mlkem512,falcon512,17,12.92
mlkem512,falcon512,18,13.58
mlkem512,falcon512,19,13.58
mlkem512,falcon512,20,13.51
mlkem512,falcon512,21,12.72
mlkem512,falcon512,22,13.47
mlkem512,falcon512,23,12.62
mlkem512,falcon512,24,12.55
mlkem512,falcon512,25,13.50
mlkem512,falcon512,26,13.54
mlkem512,falcon512,27,13.04
mlkem512,falcon512,28,14.12
mlkem512,falcon512,29,13.46
mlkem512,falcon512,30,14.62
mlkem512,falcon512,31,12.94
mlkem512,falcon512,32,13.10
mlkem512,falcon512,33,12.61
mlkem512,falcon512,34,13.04
mlkem512,falcon512,35,13.44
mlkem512,falcon512,36,12.52
mlkem512,falcon512,37,13.30
mlkem512,falcon512,38,13.59
mlkem512,falcon512,39,13.89
mlkem512,falcon512,40,13.77
mlkem512,falcon512,41,13.48
mlkem512,falcon512,42,12.74
mlkem512,falcon512,43,13.64
mlkem512,falcon512,44,13.97
mlkem512,falcon512,45,13.51
mlkem512,falcon512,46,12.16
mlkem512,falcon512,47,13.42
mlkem512,falcon512,48,12.42
mlkem512,falcon512,49,14.02
mlkem512,falcon512,50,13.41
mlkem768,rsa_2048,1,14.38
mlkem768,rsa_2048,2,14.32
mlkem768,rsa_2048,3,14.03
mlkem768,rsa_2048,4,14.02
mlkem768,rsa_2048,5,13.49
mlkem768,rsa_2048,6,13.67
mlkem768,rsa_2048,7,13.80
mlkem768,rsa_2048,8,14.35
mlkem768,rsa_2048,9,15.14
mlkem768,rsa_2048,10,14.72
mlkem768,rsa_2048,11,14.65
mlkem768,rsa_2048,12,14.23
mlkem768,rsa_2048,13,13.76
mlkem768,rsa_2048,14,14.07
mlkem768,rsa_2048,15,14.46
mlkem768,rsa_2048,16,13.49
mlkem768,rsa_2048,17,14.04
mlkem768,rsa_2048,18,13.49
mlkem768,rsa_2048,19,13.22
mlkem768,rsa_2048,20,14.21
mlkem768,rsa_2048,21,14.81
mlkem768,rsa_2048,22,14.69
mlkem768,rsa_2048,23,13.71
mlkem768,rsa_2048,24,13.55
mlkem768,rsa_2048,25,14.19
mlkem768,rsa_2048,26,14.27
mlkem768,rsa_2048,27,14.37
mlkem768,rsa_2048,28,14.31
mlkem768,rsa_2048,29,14.48
mlkem768,rsa_2048,30,14.27
mlkem768,rsa_2048,31,13.03
mlkem768,rsa_2048,32,14.24
mlkem768,rsa_2048,33,14.13
mlkem768,rsa_2048,34,14.39
mlkem768,rsa_2048,35,14.19
mlkem768,rsa_2048,36,12.79
mlkem768,rsa_2048,37,13.22
mlkem768,rsa_2048,38,12.72
mlkem768,rsa_2048,39,13.57
mlkem768,rsa_2048,40,14.55
mlkem768,rsa_2048,41,14.20
mlkem768,rsa_2048,42,15.35
mlkem768,rsa_2048,43,14.77
mlkem768,rsa_2048,44,13.63
mlkem768,rsa_2048,45,13.56
mlkem768,rsa_2048,46,14.85
mlkem768,rsa_2048,47,14.54
mlkem768,rsa_2048,48,13.98
mlkem768,rsa_2048,49,13.66
mlkem768,rsa_2048,50,14.68
mlkem768,mldsa44,1,13.68
mlkem768,mldsa44,2,14.00
mlkem768,mldsa44,3,13.09
mlkem768,mldsa44,4,13.86
mlkem768,mldsa44,5,13.20
mlkem768,mldsa44,6,14.44
mlkem768,mldsa44,7,14.63
mlkem768,mldsa44,8,14.64
mlkem768,mldsa44,9,14.01
mlkem768,mldsa44,10,15.73
mlkem768,mldsa44,11,14.08
mlkem768,mldsa44,12,14.85
mlkem768,mldsa44,13,14.79
mlkem768,mldsa44,14,16.37
mlkem768,mldsa44,15,15.40
mlkem768,mldsa44,16,16.36
mlkem768,mldsa44,17,16.59
mlkem768,mldsa44,18,16.94
mlkem768,mldsa44,19,16.79
mlkem768,mldsa44,20,16.83
mlkem768,mldsa44,21,16.42
mlkem768,mldsa44,22,16.70
mlkem768,mldsa44,23,16.64
mlkem768,mldsa44,24,16.58
mlkem768,mldsa44,25,16.74
mlkem768,mldsa44,26,16.62
mlkem768,mldsa44,27,16.68
mlkem768,mldsa44,28,16.57
mlkem768,mldsa44,29,16.83
mlkem768,mldsa44,30,16.47
mlkem768,mldsa44,31,17.14
mlkem768,mldsa44,32,17.01
mlkem768,mldsa44,33,16.96
mlkem768,mldsa44,34,16.52
mlkem768,mldsa44,35,16.59
mlkem768,mldsa44,36,16.66
mlkem768,mldsa44,37,16.87
mlkem768,mldsa44,38,16.77
mlkem768,mldsa44,39,16.59
mlkem768,mldsa44,40,16.57
mlkem768,mldsa44,41,16.66
mlkem768,mldsa44,42,16.55
mlkem768,mldsa44,43,16.95
mlkem768,mldsa44,44,16.90
mlkem768,mldsa44,45,17.34
mlkem768,mldsa44,46,17.12
mlkem768,mldsa44,47,16.44
mlkem768,mldsa44,48,16.46
mlkem768,mldsa44,49,16.78
mlkem768,mldsa44,50,16.33
mlkem768,falcon512,1,17.75
mlkem768,falcon512,2,17.10
mlkem768,falcon512,3,17.04
mlkem768,falcon512,4,17.48
mlkem768,falcon512,5,17.83
mlkem768,falcon512,6,17.29
mlkem768,falcon512,7,17.85
mlkem768,falcon512,8,17.28
mlkem768,falcon512,9,17.42
mlkem768,falcon512,10,17.50
mlkem768,falcon512,11,17.51
mlkem768,falcon512,12,17.43
mlkem768,falcon512,13,16.99
mlkem768,falcon512,14,16.56
mlkem768,falcon512,15,16.65
mlkem768,falcon512,16,16.73
mlkem768,falcon512,17,17.20
mlkem768,falcon512,18,17.14
mlkem768,falcon512,19,17.24
mlkem768,falcon512,20,17.60
mlkem768,falcon512,21,16.97
mlkem768,falcon512,22,17.30
mlkem768,falcon512,23,16.93
mlkem768,falcon512,24,16.76
mlkem768,falcon512,25,17.14
mlkem768,falcon512,26,17.24
mlkem768,falcon512,27,16.96
mlkem768,falcon512,28,17.09
mlkem768,falcon512,29,16.74
mlkem768,falcon512,30,17.24
mlkem768,falcon512,31,17.10
mlkem768,falcon512,32,17.23
mlkem768,falcon512,33,17.15
mlkem768,falcon512,34,17.20
mlkem768,falcon512,35,17.38
mlkem768,falcon512,36,17.74
mlkem768,falcon512,37,17.05
mlkem768,falcon512,38,17.23
mlkem768,falcon512,39,17.06
mlkem768,falcon512,40,16.90
mlkem768,falcon512,41,16.89
mlkem768,falcon512,42,17.27
mlkem768,falcon512,43,16.97
mlkem768,falcon512,44,17.05
mlkem768,falcon512,45,17.41
mlkem768,falcon512,46,17.16
mlkem768,falcon512,47,16.95
mlkem768,falcon512,48,16.91
mlkem768,falcon512,49,17.48
mlkem768,falcon512,50,17.30
mlkem1024,rsa_2048,1,18.21
mlkem1024,rsa_2048,2,17.74
mlkem1024,rsa_2048,3,17.63
mlkem1024,rsa_2048,4,17.22
mlkem1024,rsa_2048,5,17.45
mlkem1024,rsa_2048,6,17.04
mlkem1024,rsa_2048,7,17.11
mlkem1024,rsa_2048,8,18.05
mlkem1024,rsa_2048,9,17.75
mlkem1024,rsa_2048,10,17.02
mlkem1024,rsa_2048,11,16.25
mlkem1024,rsa_2048,12,16.66
mlkem1024,rsa_2048,13,17.10
mlkem1024,rsa_2048,14,17.11
mlkem1024,rsa_2048,15,17.78
mlkem1024,rsa_2048,16,18.34
mlkem1024,rsa_2048,17,17.70
mlkem1024,rsa_2048,18,17.67
mlkem1024,rsa_2048,19,18.01
mlkem1024,rsa_2048,20,17.87
mlkem1024,rsa_2048,21,17.90
mlkem1024,rsa_2048,22,18.11
mlkem1024,rsa_2048,23,17.54
mlkem1024,rsa_2048,24,17.82
mlkem1024,rsa_2048,25,18.06
mlkem1024,rsa_2048,26,17.56
mlkem1024,rsa_2048,27,17.85
mlkem1024,rsa_2048,28,17.91
mlkem1024,rsa_2048,29,17.91
mlkem1024,rsa_2048,30,18.09
mlkem1024,rsa_2048,31,17.74
mlkem1024,rsa_2048,32,17.55
mlkem1024,rsa_2048,33,17.33
mlkem1024,rsa_2048,34,17.44
mlkem1024,rsa_2048,35,17.75
mlkem1024,rsa_2048,36,17.57
mlkem1024,rsa_2048,37,17.78
mlkem1024,rsa_2048,38,17.60
mlkem1024,rsa_2048,39,17.54
mlkem1024,rsa_2048,40,17.48
mlkem1024,rsa_2048,41,17.80
mlkem1024,rsa_2048,42,17.58
mlkem1024,rsa_2048,43,17.63
mlkem1024,rsa_2048,44,17.63
mlkem1024,rsa_2048,45,18.01
mlkem1024,rsa_2048,46,17.12
mlkem1024,rsa_2048,47,17.65
mlkem1024,rsa_2048,48,17.54
mlkem1024,rsa_2048,49,17.82
mlkem1024,rsa_2048,50,17.88
mlkem1024,mldsa44,1,17.28
mlkem1024,mldsa44,2,16.76
mlkem1024,mldsa44,3,16.83
mlkem1024,mldsa44,4,16.78
mlkem1024,mldsa44,5,17.90
mlkem1024,mldsa44,6,16.74
mlkem1024,mldsa44,7,17.08
mlkem1024,mldsa44,8,17.18
mlkem1024,mldsa44,9,17.24
mlkem1024,mldsa44,10,16.40
mlkem1024,mldsa44,11,16.47
mlkem1024,mldsa44,12,16.92
mlkem1024,mldsa44,13,16.96
mlkem1024,mldsa44,14,16.39
mlkem1024,mldsa44,15,16.94
mlkem1024,mldsa44,16,16.87
mlkem1024,mldsa44,17,16.66
mlkem1024,mldsa44,18,16.71
mlkem1024,mldsa44,19,16.65
mlkem1024,mldsa44,20,16.65
mlkem1024,mldsa44,21,16.93
mlkem1024,mldsa44,22,16.73
mlkem1024,mldsa44,23,16.73
mlkem1024,mldsa44,24,16.62
mlkem1024,mldsa44,25,16.76
mlkem1024,mldsa44,26,16.65
mlkem1024,mldsa44,27,17.10
mlkem1024,mldsa44,28,16.74
mlkem1024,mldsa44,29,16.69
mlkem1024,mldsa44,30,16.61
mlkem1024,mldsa44,31,16.83
mlkem1024,mldsa44,32,16.81
mlkem1024,mldsa44,33,16.57
mlkem1024,mldsa44,34,16.58
mlkem1024,mldsa44,35,16.80
mlkem1024,mldsa44,36,16.39
mlkem1024,mldsa44,37,16.88
mlkem1024,mldsa44,38,16.72
mlkem1024,mldsa44,39,17.01
mlkem1024,mldsa44,40,17.03
mlkem1024,mldsa44,41,16.75
mlkem1024,mldsa44,42,16.58
mlkem1024,mldsa44,43,16.71
mlkem1024,mldsa44,44,17.22
mlkem1024,mldsa44,45,16.61
mlkem1024,mldsa44,46,16.76
mlkem1024,mldsa44,47,16.87
mlkem1024,mldsa44,48,16.57
mlkem1024,mldsa44,49,16.59
mlkem1024,mldsa44,50,16.84
mlkem1024,falcon512,1,18.09
mlkem1024,falcon512,2,16.65
mlkem1024,falcon512,3,16.93
mlkem1024,falcon512,4,16.79
mlkem1024,falcon512,5,17.07
mlkem1024,falcon512,6,17.23
mlkem1024,falcon512,7,16.87
mlkem1024,falcon512,8,17.94
mlkem1024,falcon512,9,17.24
mlkem1024,falcon512,10,16.14
mlkem1024,falcon512,11,17.02
mlkem1024,falcon512,12,16.90
mlkem1024,falcon512,13,17.37
mlkem1024,falcon512,14,17.34
mlkem1024,falcon512,15,17.03
mlkem1024,falcon512,16,16.97
mlkem1024,falcon512,17,17.44
mlkem1024,falcon512,18,17.23
mlkem1024,falcon512,19,17.33
mlkem1024,falcon512,20,17.11
mlkem1024,falcon512,21,17.35
mlkem1024,falcon512,22,17.30
mlkem1024,falcon512,23,17.33
mlkem1024,falcon512,24,17.04
mlkem1024,falcon512,25,16.83
mlkem1024,falcon512,26,17.11
mlkem1024,falcon512,27,17.09
mlkem1024,falcon512,28,17.43
mlkem1024,falcon512,29,17.18
mlkem1024,falcon512,30,17.23
mlkem1024,falcon512,31,17.27
mlkem1024,falcon512,32,16.93
mlkem1024,falcon512,33,17.21
mlkem1024,falcon512,34,17.40
mlkem1024,falcon512,35,17.32
mlkem1024,falcon512,36,17.16
mlkem1024,falcon512,37,17.04
mlkem1024,falcon512,38,16.89
mlkem1024,falcon512,39,17.44
mlkem1024,falcon512,40,17.83
mlkem1024,falcon512,41,17.24
mlkem1024,falcon512,42,17.24
mlkem1024,falcon512,43,17.21
mlkem1024,falcon512,44,16.97
mlkem1024,falcon512,45,17.07
mlkem1024,falcon512,46,17.19
mlkem1024,falcon512,47,16.73
mlkem1024,falcon512,48,16.05
mlkem1024,falcon512,49,16.14
mlkem1024,falcon512,50,16.53
bikel1,rsa_2048,1,19.42
bikel1,rsa_2048,2,19.18
bikel1,rsa_2048,3,19.10
bikel1,rsa_2048,4,20.11
bikel1,rsa_2048,5,18.56
bikel1,rsa_2048,6,18.80
bikel1,rsa_2048,7,19.80
bikel1,rsa_2048,8,19.23
bikel1,rsa_2048,9,18.93
bikel1,rsa_2048,10,19.27
bikel1,rsa_2048,11,19.73
bikel1,rsa_2048,12,19.30
bikel1,rsa_2048,13,18.64
bikel1,rsa_2048,14,19.10
bikel1,rsa_2048,15,19.24
bikel1,rsa_2048,16,19.84
bikel1,rsa_2048,17,17.54
bikel1,rsa_2048,18,18.04
bikel1,rsa_2048,19,18.99
bikel1,rsa_2048,20,16.87
bikel1,rsa_2048,21,17.46
bikel1,rsa_2048,22,18.36
bikel1,rsa_2048,23,16.96
bikel1,rsa_2048,24,16.63
bikel1,rsa_2048,25,16.89
bikel1,rsa_2048,26,16.70
bikel1,rsa_2048,27,16.46
bikel1,rsa_2048,28,17.48
bikel1,rsa_2048,29,16.93
bikel1,rsa_2048,30,16.88
bikel1,rsa_2048,31,16.71
bikel1,rsa_2048,32,17.77
bikel1,rsa_2048,33,17.21
bikel1,rsa_2048,34,17.06
bikel1,rsa_2048,35,16.94
bikel1,rsa_2048,36,17.13
bikel1,rsa_2048,37,17.59
bikel1,rsa_2048,38,18.47
bikel1,rsa_2048,39,19.30
bikel1,rsa_2048,40,19.35
bikel1,rsa_2048,41,19.42
bikel1,rsa_2048,42,19.58
bikel1,rsa_2048,43,19.31
bikel1,rsa_2048,44,19.44
bikel1,rsa_2048,45,19.71
bikel1,rsa_2048,46,19.14
bikel1,rsa_2048,47,19.62
bikel1,rsa_2048,48,19.89
bikel1,rsa_2048,49,19.57
bikel1,rsa_2048,50,19.39
bikel1,mldsa44,1,19.26
bikel1,mldsa44,2,18.39
bikel1,mldsa44,3,18.59
bikel1,mldsa44,4,18.80
bikel1,mldsa44,5,18.73
bikel1,mldsa44,6,18.89
bikel1,mldsa44,7,18.58
bikel1,mldsa44,8,18.48
bikel1,mldsa44,9,18.28
bikel1,mldsa44,10,18.34
bikel1,mldsa44,11,18.52
bikel1,mldsa44,12,19.09
bikel1,mldsa44,13,18.97
bikel1,mldsa44,14,18.50
bikel1,mldsa44,15,17.38
bikel1,mldsa44,16,17.76
bikel1,mldsa44,17,17.76
bikel1,mldsa44,18,18.02
bikel1,mldsa44,19,18.62
bikel1,mldsa44,20,18.56
bikel1,mldsa44,21,18.55
bikel1,mldsa44,22,18.46
bikel1,mldsa44,23,18.74
bikel1,mldsa44,24,18.85
bikel1,mldsa44,25,18.70
bikel1,mldsa44,26,18.66
bikel1,mldsa44,27,18.69
bikel1,mldsa44,28,18.30
bikel1,mldsa44,29,18.75
bikel1,mldsa44,30,18.82
bikel1,mldsa44,31,18.87
bikel1,mldsa44,32,18.54
bikel1,mldsa44,33,18.94
bikel1,mldsa44,34,18.62
bikel1,mldsa44,35,18.72
bikel1,mldsa44,36,18.76
bikel1,mldsa44,37,18.56
bikel1,mldsa44,38,18.95
bikel1,mldsa44,39,18.65
bikel1,mldsa44,40,18.03
bikel1,mldsa44,41,17.67
bikel1,mldsa44,42,18.20
bikel1,mldsa44,43,18.21
bikel1,mldsa44,44,18.35
bikel1,mldsa44,45,18.64
bikel1,mldsa44,46,18.59
bikel1,mldsa44,47,18.70
bikel1,mldsa44,48,18.85
bikel1,mldsa44,49,18.47
bikel1,mldsa44,50,18.37
bikel1,falcon512,1,19.40
bikel1,falcon512,2,19.79
bikel1,falcon512,3,18.99
bikel1,falcon512,4,19.17
bikel1,falcon512,5,19.25
bikel1,falcon512,6,19.28
bikel1,falcon512,7,19.13
bikel1,falcon512,8,19.46
bikel1,falcon512,9,18.79
bikel1,falcon512,10,19.29
bikel1,falcon512,11,19.31
bikel1,falcon512,12,19.04
bikel1,falcon512,13,18.94
bikel1,falcon512,14,19.09
bikel1,falcon512,15,19.09
bikel1,falcon512,16,18.98
bikel1,falcon512,17,19.04
bikel1,falcon512,18,18.99
bikel1,falcon512,19,19.30
bikel1,falcon512,20,18.92
bikel1,falcon512,21,19.22
bikel1,falcon512,22,19.23
bikel1,falcon512,23,18.95
bikel1,falcon512,24,19.45
bikel1,falcon512,25,18.97
bikel1,falcon512,26,18.86
bikel1,falcon512,27,19.34
bikel1,falcon512,28,19.29
bikel1,falcon512,29,18.98
bikel1,falcon512,30,18.89
bikel1,falcon512,31,18.82
bikel1,falcon512,32,18.96
bikel1,falcon512,33,19.06
bikel1,falcon512,34,19.20
bikel1,falcon512,35,18.46
bikel1,falcon512,36,19.13
bikel1,falcon512,37,19.23
bikel1,falcon512,38,19.00
bikel1,falcon512,39,19.18
bikel1,falcon512,40,19.11
bikel1,falcon512,41,18.97
bikel1,falcon512,42,19.09
bikel1,falcon512,43,18.90
bikel1,falcon512,44,19.28
bikel1,falcon512,45,18.70
bikel1,falcon512,46,18.61
bikel1,falcon512,47,18.76
bikel1,falcon512,48,18.92
bikel1,falcon512,49,18.83
bikel1,falcon512,50,18.97
bikel3,rsa_2048,1,21.23
bikel3,rsa_2048,2,20.72
bikel3,rsa_2048,3,20.68
bikel3,rsa_2048,4,20.49
bikel3,rsa_2048,5,20.77
bikel3,rsa_2048,6,21.01
bikel3,rsa_2048,7,21.29
bikel3,rsa_2048,8,20.35
bikel3,rsa_2048,9,20.59
bikel3,rsa_2048,10,20.12
bikel3,rsa_2048,11,20.35
bikel3,rsa_2048,12,20.18
bikel3,rsa_2048,13,20.49
bikel3,rsa_2048,14,20.28
bikel3,rsa_2048,15,20.78
bikel3,rsa_2048,16,20.82
bikel3,rsa_2048,17,20.81
bikel3,rsa_2048,18,21.44
bikel3,rsa_2048,19,20.78
bikel3,rsa_2048,20,20.55
bikel3,rsa_2048,21,20.79
bikel3,rsa_2048,22,20.76
bikel3,rsa_2048,23,20.58
bikel3,rsa_2048,24,20.65
bikel3,rsa_2048,25,20.45
bikel3,rsa_2048,26,20.57
bikel3,rsa_2048,27,20.51
bikel3,rsa_2048,28,20.47
bikel3,rsa_2048,29,20.70
bikel3,rsa_2048,30,20.42
bikel3,rsa_2048,31,20.46
bikel3,rsa_2048,32,20.52
bikel3,rsa_2048,33,21.09
bikel3,rsa_2048,34,20.67
bikel3,rsa_2048,35,21.14
bikel3,rsa_2048,36,20.33
bikel3,rsa_2048,37,20.94
bikel3,rsa_2048,38,20.82
bikel3,rsa_2048,39,20.87
bikel3,rsa_2048,40,20.74
bikel3,rsa_2048,41,20.77
bikel3,rsa_2048,42,21.16
bikel3,rsa_2048,43,20.54
bikel3,rsa_2048,44,20.80
bikel3,rsa_2048,45,20.73
bikel3,rsa_2048,46,20.87
bikel3,rsa_2048,47,21.18
bikel3,rsa_2048,48,20.75
bikel3,rsa_2048,49,20.72
bikel3,rsa_2048,50,21.34
bikel3,mldsa44,1,21.16
bikel3,mldsa44,2,20.69
bikel3,mldsa44,3,20.60
bikel3,mldsa44,4,21.15
bikel3,mldsa44,5,20.67
bikel3,mldsa44,6,21.38
bikel3,mldsa44,7,20.75
bikel3,mldsa44,8,21.13
bikel3,mldsa44,9,20.71
bikel3,mldsa44,10,21.05
bikel3,mldsa44,11,21.31
bikel3,mldsa44,12,20.65
bikel3,mldsa44,13,20.48
bikel3,mldsa44,14,20.46
bikel3,mldsa44,15,20.87
bikel3,mldsa44,16,20.94
bikel3,mldsa44,17,20.94
bikel3,mldsa44,18,20.72
bikel3,mldsa44,19,20.94
bikel3,mldsa44,20,20.62
bikel3,mldsa44,21,20.85
bikel3,mldsa44,22,20.78
bikel3,mldsa44,23,20.69
bikel3,mldsa44,24,19.65
bikel3,mldsa44,25,19.39
bikel3,mldsa44,26,20.45
bikel3,mldsa44,27,20.69
bikel3,mldsa44,28,21.02
bikel3,mldsa44,29,20.89
bikel3,mldsa44,30,20.78
bikel3,mldsa44,31,20.89
bikel3,mldsa44,32,20.84
bikel3,mldsa44,33,20.70
bikel3,mldsa44,34,20.86
bikel3,mldsa44,35,21.22
bikel3,mldsa44,36,20.79
bikel3,mldsa44,37,20.79
bikel3,mldsa44,38,20.75
bikel3,mldsa44,39,20.54
bikel3,mldsa44,40,20.69
bikel3,mldsa44,41,20.59
bikel3,mldsa44,42,20.57
bikel3,mldsa44,43,21.10
bikel3,mldsa44,44,20.64
bikel3,mldsa44,45,20.84
bikel3,mldsa44,46,20.63
bikel3,mldsa44,47,21.06
bikel3,mldsa44,48,20.91
bikel3,mldsa44,49,20.82
bikel3,mldsa44,50,20.77
bikel3,falcon512,1,21.42
bikel3,falcon512,2,20.90
bikel3,falcon512,3,20.99
bikel3,falcon512,4,21.03
bikel3,falcon512,5,21.69
bikel3,falcon512,6,21.22
bikel3,falcon512,7,20.46
bikel3,falcon512,8,20.91
bikel3,falcon512,9,20.74
bikel3,falcon512,10,20.63
bikel3,falcon512,11,20.33
bikel3,falcon512,12,20.66
bikel3,falcon512,13,20.11
bikel3,falcon512,14,20.41
bikel3,falcon512,15,20.91
bikel3,falcon512,16,20.81
bikel3,falcon512,17,20.48
bikel3,falcon512,18,20.82
bikel3,falcon512,19,20.39
bikel3,falcon512,20,20.65
bikel3,falcon512,21,21.26
bikel3,falcon512,22,20.99
bikel3,falcon512,23,21.24
bikel3,falcon512,24,20.96
bikel3,falcon512,25,20.13
bikel3,falcon512,26,20.80
bikel3,falcon512,27,21.17
bikel3,falcon512,28,20.81
bikel3,falcon512,29,20.78
bikel3,falcon512,30,20.66
bikel3,falcon512,31,20.86
bikel3,falcon512,32,20.84
bikel3,falcon512,33,20.83
bikel3,falcon512,34,20.69
bikel3,falcon512,35,20.64
bikel3,falcon512,36,20.76
bikel3,falcon512,37,20.66
bikel3,falcon512,38,20.47
bikel3,falcon512,39,20.90
bikel3,falcon512,40,21.16
bikel3,falcon512,41,21.32
bikel3,falcon512,42,22.49
bikel3,falcon512,43,20.46
bikel3,falcon512,44,21.05
bikel3,falcon512,45,20.79
bikel3,falcon512,46,20.94
bikel3,falcon512,47,20.42
bikel3,falcon512,48,20.57
bikel3,falcon512,49,21.14
bikel3,falcon512,50,21.08
bikel5,rsa_2048,1,27.66
bikel5,rsa_2048,2,26.59
bikel5,rsa_2048,3,26.92
bikel5,rsa_2048,4,26.42
bikel5,rsa_2048,5,26.73
bikel5,rsa_2048,6,26.21
bikel5,rsa_2048,7,25.31
bikel5,rsa_2048,8,25.61
bikel5,rsa_2048,9,25.47
bikel5,rsa_2048,10,25.74
bikel5,rsa_2048,11,25.52
bikel5,rsa_2048,12,25.36
bikel5,rsa_2048,13,24.83
bikel5,rsa_2048,14,25.68
bikel5,rsa_2048,15,25.64
bikel5,rsa_2048,16,25.98
bikel5,rsa_2048,17,25.79
bikel5,rsa_2048,18,26.33
bikel5,rsa_2048,19,26.40
bikel5,rsa_2048,20,26.19
bikel5,rsa_2048,21,26.19
bikel5,rsa_2048,22,25.95
bikel5,rsa_2048,23,26.72
bikel5,rsa_2048,24,26.69
bikel5,rsa_2048,25,26.40
bikel5,rsa_2048,26,26.29
bikel5,rsa_2048,27,26.42
bikel5,rsa_2048,28,26.48
bikel5,rsa_2048,29,26.91
bikel5,rsa_2048,30,26.22
bikel5,rsa_2048,31,26.72
bikel5,rsa_2048,32,26.10
bikel5,rsa_2048,33,26.11
bikel5,rsa_2048,34,25.94
bikel5,rsa_2048,35,26.34
bikel5,rsa_2048,36,26.20
bikel5,rsa_2048,37,26.06
bikel5,rsa_2048,38,26.39
bikel5,rsa_2048,39,26.39
bikel5,rsa_2048,40,26.66
bikel5,rsa_2048,41,26.28
bikel5,rsa_2048,42,26.46
bikel5,rsa_2048,43,27.07
bikel5,rsa_2048,44,26.73
bikel5,rsa_2048,45,26.47
bikel5,rsa_2048,46,26.59
bikel5,rsa_2048,47,26.87
bikel5,rsa_2048,48,26.99
bikel5,rsa_2048,49,26.57
bikel5,rsa_2048,50,26.40
bikel5,mldsa44,1,27.09
bikel5,mldsa44,2,26.41
bikel5,mldsa44,3,26.48
bikel5,mldsa44,4,26.70
bikel5,mldsa44,5,27.19
bikel5,mldsa44,6,24.26
bikel5,mldsa44,7,24.88
bikel5,mldsa44,8,24.78
bikel5,mldsa44,9,25.76
bikel5,mldsa44,10,26.11
bikel5,mldsa44,11,26.29
bikel5,mldsa44,12,26.48
bikel5,mldsa44,13,25.93
bikel5,mldsa44,14,26.70
bikel5,mldsa44,15,26.54
bikel5,mldsa44,16,26.56
bikel5,mldsa44,17,26.54
bikel5,mldsa44,18,26.87
bikel5,mldsa44,19,26.49
bikel5,mldsa44,20,26.64
bikel5,mldsa44,21,26.27
bikel5,mldsa44,22,26.58
bikel5,mldsa44,23,26.11
bikel5,mldsa44,24,26.57
bikel5,mldsa44,25,26.43
bikel5,mldsa44,26,27.58
bikel5,mldsa44,27,26.56
bikel5,mldsa44,28,26.72
bikel5,mldsa44,29,25.98
bikel5,mldsa44,30,26.43
bikel5,mldsa44,31,26.94
bikel5,mldsa44,32,26.79
bikel5,mldsa44,33,26.98
bikel5,mldsa44,34,25.97
bikel5,mldsa44,35,25.78
bikel5,mldsa44,36,26.63
bikel5,mldsa44,37,26.98
bikel5,mldsa44,38,26.78
bikel5,mldsa44,39,27.07
bikel5,mldsa44,40,26.72
bikel5,mldsa44,41,26.98
bikel5,mldsa44,42,26.93
bikel5,mldsa44,43,26.91
bikel5,mldsa44,44,26.61
bikel5,mldsa44,45,27.05
bikel5,mldsa44,46,26.66
bikel5,mldsa44,47,26.97
bikel5,mldsa44,48,26.74
bikel5,mldsa44,49,26.97
bikel5,mldsa44,50,26.36
bikel5,falcon512,1,26.98
bikel5,falcon512,2,26.22
bikel5,falcon512,3,26.32
bikel5,falcon512,4,26.51
bikel5,falcon512,5,27.13
bikel5,falcon512,6,26.45
bikel5,falcon512,7,27.21
bikel5,falcon512,8,27.49
bikel5,falcon512,9,24.65
bikel5,falcon512,10,25.21
bikel5,falcon512,11,24.94
bikel5,falcon512,12,24.83
bikel5,falcon512,13,24.93
bikel5,falcon512,14,25.04
bikel5,falcon512,15,25.54
bikel5,falcon512,16,25.96
bikel5,falcon512,17,26.63
bikel5,falcon512,18,26.57
bikel5,falcon512,19,26.32
bikel5,falcon512,20,26.36
bikel5,falcon512,21,26.60
bikel5,falcon512,22,26.70
bikel5,falcon512,23,26.99
bikel5,falcon512,24,26.45
bikel5,falcon512,25,26.79
bikel5,falcon512,26,26.50
bikel5,falcon512,27,26.56
bikel5,falcon512,28,25.95
bikel5,falcon512,29,25.59
bikel5,falcon512,30,25.16
bikel5,falcon512,31,26.34
bikel5,falcon512,32,26.72
bikel5,falcon512,33,26.12
bikel5,falcon512,34,26.46
bikel5,falcon512,35,26.45
bikel5,falcon512,36,26.83
bikel5,falcon512,37,27.27
bikel5,falcon512,38,27.37
bikel5,falcon512,39,27.03
bikel5,falcon512,40,27.06
bikel5,falcon512,41,26.98
bikel5,falcon512,42,27.17
bikel5,falcon512,43,25.67
bikel5,falcon512,44,26.11
bikel5,falcon512,45,24.20
bikel5,falcon512,46,24.94
bikel5,falcon512,47,25.84
bikel5,falcon512,48,26.06
bikel5,falcon512,49,26.05
bikel5,falcon512,50,26.28
frodo640aes,rsa_2048,1,18.95
frodo640aes,rsa_2048,2,18.40
frodo640aes,rsa_2048,3,18.71
frodo640aes,rsa_2048,4,18.78
frodo640aes,rsa_2048,5,18.44
frodo640aes,rsa_2048,6,17.79
frodo640aes,rsa_2048,7,18.43
frodo640aes,rsa_2048,8,18.19
frodo640aes,rsa_2048,9,18.48
frodo640aes,rsa_2048,10,18.64
frodo640aes,rsa_2048,11,18.71
frodo640aes,rsa_2048,12,18.82
frodo640aes,rsa_2048,13,18.52
frodo640aes,rsa_2048,14,18.64
frodo640aes,rsa_2048,15,18.67
frodo640aes,rsa_2048,16,18.65
frodo640aes,rsa_2048,17,18.62
frodo640aes,rsa_2048,18,18.63
frodo640aes,rsa_2048,19,18.53
frodo640aes,rsa_2048,20,18.94
frodo640aes,rsa_2048,21,19.47
frodo640aes,rsa_2048,22,18.70
frodo640aes,rsa_2048,23,18.81
frodo640aes,rsa_2048,24,18.87
frodo640aes,rsa_2048,25,19.52
frodo640aes,rsa_2048,26,18.82
frodo640aes,rsa_2048,27,19.12
frodo640aes,rsa_2048,28,18.79
frodo640aes,rsa_2048,29,18.94
frodo640aes,rsa_2048,30,19.49
frodo640aes,rsa_2048,31,18.56
frodo640aes,rsa_2048,32,18.81
frodo640aes,rsa_2048,33,18.77
frodo640aes,rsa_2048,34,18.51
frodo640aes,rsa_2048,35,18.04
frodo640aes,rsa_2048,36,18.73
frodo640aes,rsa_2048,37,18.78
frodo640aes,rsa_2048,38,18.77
frodo640aes,rsa_2048,39,19.37
frodo640aes,rsa_2048,40,19.14
frodo640aes,rsa_2048,41,19.04
frodo640aes,rsa_2048,42,18.97
frodo640aes,rsa_2048,43,18.89
frodo640aes,rsa_2048,44,18.93
frodo640aes,rsa_2048,45,18.85
frodo640aes,rsa_2048,46,18.67
frodo640aes,rsa_2048,47,18.48
frodo640aes,rsa_2048,48,19.06
frodo640aes,rsa_2048,49,18.89
frodo640aes,rsa_2048,50,18.81
frodo640aes,mldsa44,1,19.89
frodo640aes,mldsa44,2,19.00
frodo640aes,mldsa44,3,19.00
frodo640aes,mldsa44,4,18.41
frodo640aes,mldsa44,5,19.08
frodo640aes,mldsa44,6,18.73
frodo640aes,mldsa44,7,18.83
frodo640aes,mldsa44,8,19.11
frodo640aes,mldsa44,9,19.02
frodo640aes,mldsa44,10,19.31
frodo640aes,mldsa44,11,19.42
frodo640aes,mldsa44,12,18.34
frodo640aes,mldsa44,13,18.32
frodo640aes,mldsa44,14,18.97
frodo640aes,mldsa44,15,18.80
frodo640aes,mldsa44,16,18.74
frodo640aes,mldsa44,17,18.92
frodo640aes,mldsa44,18,18.95
frodo640aes,mldsa44,19,18.86
frodo640aes,mldsa44,20,18.26
frodo640aes,mldsa44,21,18.02
frodo640aes,mldsa44,22,18.17
frodo640aes,mldsa44,23,18.80
frodo640aes,mldsa44,24,18.41
frodo640aes,mldsa44,25,18.42
frodo640aes,mldsa44,26,18.41
frodo640aes,mldsa44,27,18.65
frodo640aes,mldsa44,28,18.65
frodo640aes,mldsa44,29,18.69
frodo640aes,mldsa44,30,18.77
frodo640aes,mldsa44,31,18.83
frodo640aes,mldsa44,32,18.79
frodo640aes,mldsa44,33,18.33
frodo640aes,mldsa44,34,18.77
frodo640aes,mldsa44,35,18.70
frodo640aes,mldsa44,36,18.77
frodo640aes,mldsa44,37,18.89
frodo640aes,mldsa44,38,19.11
frodo640aes,mldsa44,39,18.55
frodo640aes,mldsa44,40,18.82
frodo640aes,mldsa44,41,18.85
frodo640aes,mldsa44,42,18.67
frodo640aes,mldsa44,43,18.77
frodo640aes,mldsa44,44,19.01
frodo640aes,mldsa44,45,18.75
frodo640aes,mldsa44,46,18.79
frodo640aes,mldsa44,47,18.84
frodo640aes,mldsa44,48,18.79
frodo640aes,mldsa44,49,19.36
frodo640aes,mldsa44,50,18.45
frodo640aes,falcon512,1,19.55
frodo640aes,falcon512,2,19.21
frodo640aes,falcon512,3,18.88
frodo640aes,falcon512,4,18.99
frodo640aes,falcon512,5,18.93
frodo640aes,falcon512,6,18.55
frodo640aes,falcon512,7,18.91
frodo640aes,falcon512,8,18.67
frodo640aes,falcon512,9,19.51
frodo640aes,falcon512,10,19.07
frodo640aes,falcon512,11,18.56
frodo640aes,falcon512,12,18.88
frodo640aes,falcon512,13,18.56
frodo640aes,falcon512,14,18.77
frodo640aes,falcon512,15,18.88
frodo640aes,falcon512,16,18.86
frodo640aes,falcon512,17,18.69
frodo640aes,falcon512,18,18.78
frodo640aes,falcon512,19,19.01
frodo640aes,falcon512,20,18.96
frodo640aes,falcon512,21,19.14
frodo640aes,falcon512,22,18.59
frodo640aes,falcon512,23,18.87
frodo640aes,falcon512,24,19.05
frodo640aes,falcon512,25,18.75
frodo640aes,falcon512,26,18.71
frodo640aes,falcon512,27,18.79
frodo640aes,falcon512,28,18.76
frodo640aes,falcon512,29,19.03
frodo640aes,falcon512,30,18.92
frodo640aes,falcon512,31,19.21
frodo640aes,falcon512,32,19.58
frodo640aes,falcon512,33,19.05
frodo640aes,falcon512,34,18.75
frodo640aes,falcon512,35,18.79
frodo640aes,falcon512,36,18.58
frodo640aes,falcon512,37,18.61
frodo640aes,falcon512,38,18.27
frodo640aes,falcon512,39,19.18
frodo640aes,falcon512,40,18.93
frodo640aes,falcon512,41,19.11
frodo640aes,falcon512,42,18.79
frodo640aes,falcon512,43,17.36
frodo640aes,falcon512,44,18.09
frodo640aes,falcon512,45,18.28
frodo640aes,falcon512,46,18.41
frodo640aes,falcon512,47,18.51
frodo640aes,falcon512,48,18.24
frodo640aes,falcon512,49,18.81
frodo640aes,falcon512,50,18.88
frodo640shake,rsa_2048,1,24.23
frodo640shake,rsa_2048,2,23.21
frodo640shake,rsa_2048,3,23.22
frodo640shake,rsa_2048,4,23.69
frodo640shake,rsa_2048,5,24.44
frodo640shake,rsa_2048,6,23.50
frodo640shake,rsa_2048,7,23.16
frodo640shake,rsa_2048,8,23.30
frodo640shake,rsa_2048,9,23.33
frodo640shake,rsa_2048,10,22.86
frodo640shake,rsa_2048,11,22.95
frodo640shake,rsa_2048,12,22.90
frodo640shake,rsa_2048,13,23.37
frodo640shake,rsa_2048,14,23.43
frodo640shake,rsa_2048,15,23.34
frodo640shake,rsa_2048,16,23.72
frodo640shake,rsa_2048,17,23.43
frodo640shake,rsa_2048,18,23.40
frodo640shake,rsa_2048,19,23.95
frodo640shake,rsa_2048,20,23.75
frodo640shake,rsa_2048,21,23.95
frodo640shake,rsa_2048,22,23.55
frodo640shake,rsa_2048,23,23.66
frodo640shake,rsa_2048,24,23.78
frodo640shake,rsa_2048,25,23.81
frodo640shake,rsa_2048,26,23.94
frodo640shake,rsa_2048,27,23.58
frodo640shake,rsa_2048,28,23.88
frodo640shake,rsa_2048,29,23.51
frodo640shake,rsa_2048,30,23.77
frodo640shake,rsa_2048,31,24.09
frodo640shake,rsa_2048,32,23.57
frodo640shake,rsa_2048,33,23.27
frodo640shake,rsa_2048,34,23.23
frodo640shake,rsa_2048,35,22.93
frodo640shake,rsa_2048,36,24.09
frodo640shake,rsa_2048,37,23.76
frodo640shake,rsa_2048,38,23.89
frodo640shake,rsa_2048,39,23.94
frodo640shake,rsa_2048,40,23.80
frodo640shake,rsa_2048,41,24.10
frodo640shake,rsa_2048,42,23.73
frodo640shake,rsa_2048,43,23.60
frodo640shake,rsa_2048,44,23.82
frodo640shake,rsa_2048,45,23.84
frodo640shake,rsa_2048,46,23.66
frodo640shake,rsa_2048,47,23.84
frodo640shake,rsa_2048,48,23.73
frodo640shake,rsa_2048,49,23.38
frodo640shake,rsa_2048,50,23.58
frodo640shake,mldsa44,1,22.87
frodo640shake,mldsa44,2,22.89
frodo640shake,mldsa44,3,22.72
frodo640shake,mldsa44,4,22.72
frodo640shake,mldsa44,5,23.46
frodo640shake,mldsa44,6,22.68
frodo640shake,mldsa44,7,23.30
frodo640shake,mldsa44,8,23.63
frodo640shake,mldsa44,9,23.77
frodo640shake,mldsa44,10,22.70
frodo640shake,mldsa44,11,23.78
frodo640shake,mldsa44,12,23.09
frodo640shake,mldsa44,13,23.09
frodo640shake,mldsa44,14,23.43
frodo640shake,mldsa44,15,23.37
frodo640shake,mldsa44,16,23.14
frodo640shake,mldsa44,17,22.93
frodo640shake,mldsa44,18,23.22
frodo640shake,mldsa44,19,23.78
frodo640shake,mldsa44,20,23.15
frodo640shake,mldsa44,21,23.15
frodo640shake,mldsa44,22,23.83
frodo640shake,mldsa44,23,23.68
frodo640shake,mldsa44,24,23.48
frodo640shake,mldsa44,25,23.77
frodo640shake,mldsa44,26,24.03
frodo640shake,mldsa44,27,24.56
frodo640shake,mldsa44,28,23.38
frodo640shake,mldsa44,29,23.58
frodo640shake,mldsa44,30,23.84
frodo640shake,mldsa44,31,23.50
frodo640shake,mldsa44,32,23.30
frodo640shake,mldsa44,33,23.35
frodo640shake,mldsa44,34,23.38
frodo640shake,mldsa44,35,23.68
frodo640shake,mldsa44,36,23.58
frodo640shake,mldsa44,37,23.28
frodo640shake,mldsa44,38,23.48
frodo640shake,mldsa44,39,23.81
frodo640shake,mldsa44,40,23.45
frodo640shake,mldsa44,41,23.07
frodo640shake,mldsa44,42,23.12
frodo640shake,mldsa44,43,23.35
frodo640shake,mldsa44,44,21.12
frodo640shake,mldsa44,45,21.74
frodo640shake,mldsa44,46,22.35
frodo640shake,mldsa44,47,23.04
frodo640shake,mldsa44,48,23.17
frodo640shake,mldsa44,49,23.24
frodo640shake,mldsa44,50,23.28
frodo640shake,falcon512,1,23.48
frodo640shake,falcon512,2,23.33
frodo640shake,falcon512,3,23.61
frodo640shake,falcon512,4,23.50
frodo640shake,falcon512,5,23.95
frodo640shake,falcon512,6,23.21
frodo640shake,falcon512,7,23.58
frodo640shake,falcon512,8,23.62
frodo640shake,falcon512,9,24.34
frodo640shake,falcon512,10,23.38
frodo640shake,falcon512,11,21.55
frodo640shake,falcon512,12,21.14
frodo640shake,falcon512,13,21.49
frodo640shake,falcon512,14,21.75
frodo640shake,falcon512,15,22.27
frodo640shake,falcon512,16,22.45
frodo640shake,falcon512,17,23.08
frodo640shake,falcon512,18,23.34
frodo640shake,falcon512,19,23.28
frodo640shake,falcon512,20,23.78
frodo640shake,falcon512,21,23.81
frodo640shake,falcon512,22,23.52
frodo640shake,falcon512,23,23.63
frodo640shake,falcon512,24,23.64
frodo640shake,falcon512,25,23.66
frodo640shake,falcon512,26,23.97
frodo640shake,falcon512,27,23.70
frodo640shake,falcon512,28,23.54
frodo640shake,falcon512,29,23.46
frodo640shake,falcon512,30,23.72
frodo640shake,falcon512,31,23.72
frodo640shake,falcon512,32,23.62
frodo640shake,falcon512,33,23.85
frodo640shake,falcon512,34,23.95
frodo640shake,falcon512,35,23.87
frodo640shake,falcon512,36,23.78
frodo640shake,falcon512,37,23.54
frodo640shake,falcon512,38,23.69
frodo640shake,falcon512,39,23.38
frodo640shake,falcon512,40,24.05
frodo640shake,falcon512,41,23.59
frodo640shake,falcon512,42,24.35
frodo640shake,falcon512,43,23.60
frodo640shake,falcon512,44,23.78
frodo640shake,falcon512,45,23.58
frodo640shake,falcon512,46,23.72
frodo640shake,falcon512,47,23.98
frodo640shake,falcon512,48,23.93
frodo640shake,falcon512,49,23.78
frodo640shake,falcon512,50,23.52
frodo976aes,rsa_2048,1,20.44
frodo976aes,rsa_2048,2,20.27
frodo976aes,rsa_2048,3,20.21
frodo976aes,rsa_2048,4,20.30
frodo976aes,rsa_2048,5,20.39
frodo976aes,rsa_2048,6,20.71
frodo976aes,rsa_2048,7,20.52
frodo976aes,rsa_2048,8,20.65
frodo976aes,rsa_2048,9,20.37
frodo976aes,rsa_2048,10,20.90
frodo976aes,rsa_2048,11,20.32
frodo976aes,rsa_2048,12,20.13
frodo976aes,rsa_2048,13,19.94
frodo976aes,rsa_2048,14,20.60
frodo976aes,rsa_2048,15,20.64
frodo976aes,rsa_2048,16,20.84
frodo976aes,rsa_2048,17,20.83
frodo976aes,rsa_2048,18,20.00
frodo976aes,rsa_2048,19,20.23
frodo976aes,rsa_2048,20,21.03
frodo976aes,rsa_2048,21,20.77
frodo976aes,rsa_2048,22,20.61
frodo976aes,rsa_2048,23,20.65
frodo976aes,rsa_2048,24,20.91
frodo976aes,rsa_2048,25,20.70
frodo976aes,rsa_2048,26,20.95
frodo976aes,rsa_2048,27,20.38
frodo976aes,rsa_2048,28,21.31
frodo976aes,rsa_2048,29,21.06
frodo976aes,rsa_2048,30,20.62
frodo976aes,rsa_2048,31,20.64
frodo976aes,rsa_2048,32,20.83
frodo976aes,rsa_2048,33,21.02
frodo976aes,rsa_2048,34,20.58
frodo976aes,rsa_2048,35,20.93
frodo976aes,rsa_2048,36,20.74
frodo976aes,rsa_2048,37,20.28
frodo976aes,rsa_2048,38,20.85
frodo976aes,rsa_2048,39,20.66
frodo976aes,rsa_2048,40,20.80
frodo976aes,rsa_2048,41,20.63
frodo976aes,rsa_2048,42,20.77
frodo976aes,rsa_2048,43,20.47
frodo976aes,rsa_2048,44,20.91
frodo976aes,rsa_2048,45,20.68
frodo976aes,rsa_2048,46,20.83
frodo976aes,rsa_2048,47,20.90
frodo976aes,rsa_2048,48,21.15
frodo976aes,rsa_2048,49,20.49
frodo976aes,rsa_2048,50,21.04
frodo976aes,mldsa44,1,21.76
frodo976aes,mldsa44,2,20.55
frodo976aes,mldsa44,3,20.54
frodo976aes,mldsa44,4,21.08
frodo976aes,mldsa44,5,20.18
frodo976aes,mldsa44,6,20.11
frodo976aes,mldsa44,7,19.81
frodo976aes,mldsa44,8,19.82
frodo976aes,mldsa44,9,20.07
frodo976aes,mldsa44,10,20.21
frodo976aes,mldsa44,11,20.40
frodo976aes,mldsa44,12,19.79
frodo976aes,mldsa44,13,19.96
frodo976aes,mldsa44,14,20.31
frodo976aes,mldsa44,15,20.67
frodo976aes,mldsa44,16,20.83
frodo976aes,mldsa44,17,20.70
frodo976aes,mldsa44,18,20.13
frodo976aes,mldsa44,19,20.57
frodo976aes,mldsa44,20,21.56
frodo976aes,mldsa44,21,20.83
frodo976aes,mldsa44,22,21.23
frodo976aes,mldsa44,23,20.93
frodo976aes,mldsa44,24,20.62
frodo976aes,mldsa44,25,20.76
frodo976aes,mldsa44,26,21.10
frodo976aes,mldsa44,27,20.71
frodo976aes,mldsa44,28,20.86
frodo976aes,mldsa44,29,20.78
frodo976aes,mldsa44,30,20.67
frodo976aes,mldsa44,31,20.87
frodo976aes,mldsa44,32,20.57
frodo976aes,mldsa44,33,20.50
frodo976aes,mldsa44,34,20.92
frodo976aes,mldsa44,35,20.94
frodo976aes,mldsa44,36,20.94
frodo976aes,mldsa44,37,21.05
frodo976aes,mldsa44,38,20.84
frodo976aes,mldsa44,39,20.68
frodo976aes,mldsa44,40,20.24
frodo976aes,mldsa44,41,20.15
frodo976aes,mldsa44,42,19.86
frodo976aes,mldsa44,43,20.41
frodo976aes,mldsa44,44,20.42
frodo976aes,mldsa44,45,20.77
frodo976aes,mldsa44,46,20.83
frodo976aes,mldsa44,47,20.60
frodo976aes,mldsa44,48,20.93
frodo976aes,mldsa44,49,20.67
frodo976aes,mldsa44,50,20.62
frodo976aes,falcon512,1,20.86
frodo976aes,falcon512,2,20.79
frodo976aes,falcon512,3,20.79
frodo976aes,falcon512,4,20.70
frodo976aes,falcon512,5,22.19
frodo976aes,falcon512,6,21.20
frodo976aes,falcon512,7,21.27
frodo976aes,falcon512,8,21.31
frodo976aes,falcon512,9,20.74
frodo976aes,falcon512,10,20.97
frodo976aes,falcon512,11,20.71
frodo976aes,falcon512,12,20.65
frodo976aes,falcon512,13,20.67
frodo976aes,falcon512,14,20.68
frodo976aes,falcon512,15,20.49
frodo976aes,falcon512,16,20.32
frodo976aes,falcon512,17,20.60
frodo976aes,falcon512,18,20.87
frodo976aes,falcon512,19,20.87
frodo976aes,falcon512,20,20.70
frodo976aes,falcon512,21,21.00
frodo976aes,falcon512,22,20.78
frodo976aes,falcon512,23,20.52
frodo976aes,falcon512,24,20.91
frodo976aes,falcon512,25,20.53
frodo976aes,falcon512,26,20.26
frodo976aes,falcon512,27,20.60
frodo976aes,falcon512,28,20.57
frodo976aes,falcon512,29,20.94
frodo976aes,falcon512,30,21.13
frodo976aes,falcon512,31,20.70
frodo976aes,falcon512,32,20.68
frodo976aes,falcon512,33,20.92
frodo976aes,falcon512,34,21.30
frodo976aes,falcon512,35,20.87
frodo976aes,falcon512,36,21.04
frodo976aes,falcon512,37,20.99
frodo976aes,falcon512,38,21.39
frodo976aes,falcon512,39,20.84
frodo976aes,falcon512,40,21.13
frodo976aes,falcon512,41,20.70
frodo976aes,falcon512,42,21.53
frodo976aes,falcon512,43,20.91
frodo976aes,falcon512,44,20.86
frodo976aes,falcon512,45,20.96
frodo976aes,falcon512,46,21.02
frodo976aes,falcon512,47,20.55
frodo976aes,falcon512,48,20.72
frodo976aes,falcon512,49,20.98
frodo976aes,falcon512,50,20.88
frodo976shake,rsa_2048,1,31.89
frodo976shake,rsa_2048,2,31.54
frodo976shake,rsa_2048,3,31.45
frodo976shake,rsa_2048,4,31.43
frodo976shake,rsa_2048,5,31.11
frodo976shake,rsa_2048,6,30.88
frodo976shake,rsa_2048,7,31.00
frodo976shake,rsa_2048,8,31.94
frodo976shake,rsa_2048,9,31.16
frodo976shake,rsa_2048,10,31.04
frodo976shake,rsa_2048,11,30.54
frodo976shake,rsa_2048,12,30.40
frodo976shake,rsa_2048,13,30.67
frodo976shake,rsa_2048,14,30.77
frodo976shake,rsa_2048,15,30.57
frodo976shake,rsa_2048,16,30.96
frodo976shake,rsa_2048,17,30.80
frodo976shake,rsa_2048,18,30.69
frodo976shake,rsa_2048,19,30.86
frodo976shake,rsa_2048,20,31.02
frodo976shake,rsa_2048,21,31.30
frodo976shake,rsa_2048,22,31.10
frodo976shake,rsa_2048,23,31.23
frodo976shake,rsa_2048,24,31.20
frodo976shake,rsa_2048,25,31.09
frodo976shake,rsa_2048,26,31.14
frodo976shake,rsa_2048,27,31.94
frodo976shake,rsa_2048,28,31.69
frodo976shake,rsa_2048,29,31.11
frodo976shake,rsa_2048,30,31.42
frodo976shake,rsa_2048,31,28.87
frodo976shake,rsa_2048,32,29.27
frodo976shake,rsa_2048,33,29.90
frodo976shake,rsa_2048,34,30.82
frodo976shake,rsa_2048,35,30.74
frodo976shake,rsa_2048,36,30.41
frodo976shake,rsa_2048,37,31.12
frodo976shake,rsa_2048,38,31.12
frodo976shake,rsa_2048,39,31.46
frodo976shake,rsa_2048,40,31.09
frodo976shake,rsa_2048,41,31.59
frodo976shake,rsa_2048,42,30.85
frodo976shake,rsa_2048,43,30.99
frodo976shake,rsa_2048,44,30.87
frodo976shake,rsa_2048,45,31.27
frodo976shake,rsa_2048,46,31.04
frodo976shake,rsa_2048,47,31.28
frodo976shake,rsa_2048,48,31.10
frodo976shake,rsa_2048,49,30.98
frodo976shake,rsa_2048,50,31.48
frodo976shake,mldsa44,1,30.77
frodo976shake,mldsa44,2,30.67
frodo976shake,mldsa44,3,30.82
frodo976shake,mldsa44,4,31.35
frodo976shake,mldsa44,5,31.43
frodo976shake,mldsa44,6,30.77
frodo976shake,mldsa44,7,30.94
frodo976shake,mldsa44,8,30.76
frodo976shake,mldsa44,9,30.99
frodo976shake,mldsa44,10,30.55
frodo976shake,mldsa44,11,30.56
frodo976shake,mldsa44,12,30.16
frodo976shake,mldsa44,13,31.48
frodo976shake,mldsa44,14,30.84
frodo976shake,mldsa44,15,30.59
frodo976shake,mldsa44,16,29.01
frodo976shake,mldsa44,17,29.57
frodo976shake,mldsa44,18,29.86
frodo976shake,mldsa44,19,30.18
frodo976shake,mldsa44,20,30.07
frodo976shake,mldsa44,21,30.44
frodo976shake,mldsa44,22,30.76
frodo976shake,mldsa44,23,31.48
frodo976shake,mldsa44,24,30.06
frodo976shake,mldsa44,25,30.77
frodo976shake,mldsa44,26,30.84
frodo976shake,mldsa44,27,31.08
frodo976shake,mldsa44,28,31.32
frodo976shake,mldsa44,29,30.64
frodo976shake,mldsa44,30,31.02
frodo976shake,mldsa44,31,30.76
frodo976shake,mldsa44,32,30.74
frodo976shake,mldsa44,33,29.68
frodo976shake,mldsa44,34,26.68
frodo976shake,mldsa44,35,27.91
frodo976shake,mldsa44,36,28.73
frodo976shake,mldsa44,37,29.48
frodo976shake,mldsa44,38,28.38
frodo976shake,mldsa44,39,29.25
frodo976shake,mldsa44,40,29.22
frodo976shake,mldsa44,41,30.08
frodo976shake,mldsa44,42,30.11
frodo976shake,mldsa44,43,30.30
frodo976shake,mldsa44,44,30.88
frodo976shake,mldsa44,45,30.21
frodo976shake,mldsa44,46,29.19
frodo976shake,mldsa44,47,29.29
frodo976shake,mldsa44,48,29.02
frodo976shake,mldsa44,49,29.45
frodo976shake,mldsa44,50,29.23
frodo976shake,falcon512,1,29.05
frodo976shake,falcon512,2,29.30
frodo976shake,falcon512,3,30.26
frodo976shake,falcon512,4,30.18
frodo976shake,falcon512,5,30.17
frodo976shake,falcon512,6,28.80
frodo976shake,falcon512,7,28.39
frodo976shake,falcon512,8,28.87
frodo976shake,falcon512,9,28.20
frodo976shake,falcon512,10,28.28
frodo976shake,falcon512,11,28.37
frodo976shake,falcon512,12,28.55
frodo976shake,falcon512,13,28.81
frodo976shake,falcon512,14,28.84
frodo976shake,falcon512,15,27.93
frodo976shake,falcon512,16,27.20
frodo976shake,falcon512,17,27.01
frodo976shake,falcon512,18,28.10
frodo976shake,falcon512,19,25.88
frodo976shake,falcon512,20,25.05
frodo976shake,falcon512,21,25.34
frodo976shake,falcon512,22,24.31
frodo976shake,falcon512,23,24.37
frodo976shake,falcon512,24,23.66
frodo976shake,falcon512,25,24.61
frodo976shake,falcon512,26,23.87
frodo976shake,falcon512,27,22.65
frodo976shake,falcon512,28,23.02
frodo976shake,falcon512,29,22.22
frodo976shake,falcon512,30,22.02
frodo976shake,falcon512,31,22.45
frodo976shake,falcon512,32,22.73
frodo976shake,falcon512,33,21.93
frodo976shake,falcon512,34,21.97
frodo976shake,falcon512,35,21.80
frodo976shake,falcon512,36,21.69
frodo976shake,falcon512,37,21.74
frodo976shake,falcon512,38,21.21
frodo976shake,falcon512,39,22.64
frodo976shake,falcon512,40,21.94
frodo976shake,falcon512,41,22.40
frodo976shake,falcon512,42,22.88
frodo976shake,falcon512,43,22.11
frodo976shake,falcon512,44,21.79
frodo976shake,falcon512,45,21.25
frodo976shake,falcon512,46,20.52
frodo976shake,falcon512,47,22.13
frodo976shake,falcon512,48,21.11
frodo976shake,falcon512,49,21.75
frodo976shake,falcon512,50,20.48
frodo1344aes,rsa_2048,1,16.90
frodo1344aes,rsa_2048,2,16.40
frodo1344aes,rsa_2048,3,16.93
frodo1344aes,rsa_2048,4,15.95
frodo1344aes,rsa_2048,5,16.88
frodo1344aes,rsa_2048,6,16.51
frodo1344aes,rsa_2048,7,17.40
frodo1344aes,rsa_2048,8,17.83
frodo1344aes,rsa_2048,9,16.82
frodo1344aes,rsa_2048,10,17.16
frodo1344aes,rsa_2048,11,17.03
frodo1344aes,rsa_2048,12,17.91
frodo1344aes,rsa_2048,13,18.17
frodo1344aes,rsa_2048,14,17.12
frodo1344aes,rsa_2048,15,19.84
frodo1344aes,rsa_2048,16,16.37
frodo1344aes,rsa_2048,17,17.33
frodo1344aes,rsa_2048,18,15.98
frodo1344aes,rsa_2048,19,17.49
frodo1344aes,rsa_2048,20,16.82
frodo1344aes,rsa_2048,21,15.82
frodo1344aes,rsa_2048,22,16.36
frodo1344aes,rsa_2048,23,17.51
frodo1344aes,rsa_2048,24,17.20
frodo1344aes,rsa_2048,25,17.58
frodo1344aes,rsa_2048,26,17.31
frodo1344aes,rsa_2048,27,17.29
frodo1344aes,rsa_2048,28,18.08
frodo1344aes,rsa_2048,29,17.18
frodo1344aes,rsa_2048,30,17.69
frodo1344aes,rsa_2048,31,17.94
frodo1344aes,rsa_2048,32,17.34
frodo1344aes,rsa_2048,33,17.33
frodo1344aes,rsa_2048,34,16.40
frodo1344aes,rsa_2048,35,16.68
frodo1344aes,rsa_2048,36,16.37
frodo1344aes,rsa_2048,37,16.60
frodo1344aes,rsa_2048,38,16.75
frodo1344aes,rsa_2048,39,17.31
frodo1344aes,rsa_2048,40,16.80
frodo1344aes,rsa_2048,41,17.05
frodo1344aes,rsa_2048,42,17.92
frodo1344aes,rsa_2048,43,16.74
frodo1344aes,rsa_2048,44,17.20
frodo1344aes,rsa_2048,45,17.67
frodo1344aes,rsa_2048,46,16.21
frodo1344aes,rsa_2048,47,16.20
frodo1344aes,rsa_2048,48,16.52
frodo1344aes,rsa_2048,49,15.91
frodo1344aes,rsa_2048,50,17.61
frodo1344aes,mldsa44,1,16.86
frodo1344aes,mldsa44,2,17.43
frodo1344aes,mldsa44,3,17.53
frodo1344aes,mldsa44,4,17.30
frodo1344aes,mldsa44,5,17.16
frodo1344aes,mldsa44,6,16.20
frodo1344aes,mldsa44,7,16.36
frodo1344aes,mldsa44,8,17.38
frodo1344aes,mldsa44,9,17.46
frodo1344aes,mldsa44,10,16.98
frodo1344aes,mldsa44,11,17.40
frodo1344aes,mldsa44,12,17.68
frodo1344aes,mldsa44,13,17.13
frodo1344aes,mldsa44,14,18.03
frodo1344aes,mldsa44,15,18.56
frodo1344aes,mldsa44,16,16.39
frodo1344aes,mldsa44,17,17.19
frodo1344aes,mldsa44,18,17.60
frodo1344aes,mldsa44,19,17.02
frodo1344aes,mldsa44,20,16.39
frodo1344aes,mldsa44,21,18.48
frodo1344aes,mldsa44,22,17.10
frodo1344aes,mldsa44,23,17.32
frodo1344aes,mldsa44,24,17.47
frodo1344aes,mldsa44,25,17.78
frodo1344aes,mldsa44,26,17.43
frodo1344aes,mldsa44,27,17.07
frodo1344aes,mldsa44,28,17.72
frodo1344aes,mldsa44,29,16.28
frodo1344aes,mldsa44,30,17.34
frodo1344aes,mldsa44,31,17.99
frodo1344aes,mldsa44,32,17.04
frodo1344aes,mldsa44,33,16.13
frodo1344aes,mldsa44,34,16.62
frodo1344aes,mldsa44,35,16.77
frodo1344aes,mldsa44,36,16.92
frodo1344aes,mldsa44,37,17.97
frodo1344aes,mldsa44,38,18.03
frodo1344aes,mldsa44,39,17.50
frodo1344aes,mldsa44,40,17.80
frodo1344aes,mldsa44,41,17.54
frodo1344aes,mldsa44,42,17.21
frodo1344aes,mldsa44,43,17.30
frodo1344aes,mldsa44,44,16.19
frodo1344aes,mldsa44,45,16.99
frodo1344aes,mldsa44,46,17.11
frodo1344aes,mldsa44,47,15.97
frodo1344aes,mldsa44,48,16.56
frodo1344aes,mldsa44,49,16.62
frodo1344aes,mldsa44,50,16.19
frodo1344aes,falcon512,1,17.25
frodo1344aes,falcon512,2,15.75
frodo1344aes,falcon512,3,16.37
frodo1344aes,falcon512,4,15.81
frodo1344aes,falcon512,5,16.84
frodo1344aes,falcon512,6,17.10
frodo1344aes,falcon512,7,17.86
frodo1344aes,falcon512,8,17.97
frodo1344aes,falcon512,9,16.64
frodo1344aes,falcon512,10,17.59
frodo1344aes,falcon512,11,17.28
frodo1344aes,falcon512,12,15.93
frodo1344aes,falcon512,13,16.38
frodo1344aes,falcon512,14,16.43
frodo1344aes,falcon512,15,17.32
frodo1344aes,falcon512,16,17.84
frodo1344aes,falcon512,17,16.11
frodo1344aes,falcon512,18,15.95
frodo1344aes,falcon512,19,16.78
frodo1344aes,falcon512,20,16.99
frodo1344aes,falcon512,21,15.88
frodo1344aes,falcon512,22,17.58
frodo1344aes,falcon512,23,17.73
frodo1344aes,falcon512,24,17.11
frodo1344aes,falcon512,25,17.11
frodo1344aes,falcon512,26,16.11
frodo1344aes,falcon512,27,16.75
frodo1344aes,falcon512,28,17.14
frodo1344aes,falcon512,29,17.32
frodo1344aes,falcon512,30,15.93
frodo1344aes,falcon512,31,16.91
frodo1344aes,falcon512,32,16.96
frodo1344aes,falcon512,33,17.61
frodo1344aes,falcon512,34,17.15
frodo1344aes,falcon512,35,17.09
frodo1344aes,falcon512,36,16.79
frodo1344aes,falcon512,37,16.21
frodo1344aes,falcon512,38,16.60
frodo1344aes,falcon512,39,16.58
frodo1344aes,falcon512,40,16.31
frodo1344aes,falcon512,41,16.63
frodo1344aes,falcon512,42,16.80
frodo1344aes,falcon512,43,15.78
frodo1344aes,falcon512,44,17.09
frodo1344aes,falcon512,45,16.51
frodo1344aes,falcon512,46,16.41
frodo1344aes,falcon512,47,16.41
frodo1344aes,falcon512,48,16.08
frodo1344aes,falcon512,49,15.52
frodo1344aes,falcon512,50,16.31
frodo1344shake,rsa_2048,1,29.72
frodo1344shake,rsa_2048,2,28.31
frodo1344shake,rsa_2048,3,28.76
frodo1344shake,rsa_2048,4,28.38
frodo1344shake,rsa_2048,5,29.19
frodo1344shake,rsa_2048,6,28.71
frodo1344shake,rsa_2048,7,29.39
frodo1344shake,rsa_2048,8,28.78
frodo1344shake,rsa_2048,9,29.65
frodo1344shake,rsa_2048,10,30.13
frodo1344shake,rsa_2048,11,30.68
frodo1344shake,rsa_2048,12,28.95
frodo1344shake,rsa_2048,13,29.86
frodo1344shake,rsa_2048,14,29.07
frodo1344shake,rsa_2048,15,29.81
frodo1344shake,rsa_2048,16,29.38
frodo1344shake,rsa_2048,17,29.16
frodo1344shake,rsa_2048,18,30.03
frodo1344shake,rsa_2048,19,29.42
frodo1344shake,rsa_2048,20,30.10
frodo1344shake,rsa_2048,21,29.28
frodo1344shake,rsa_2048,22,30.54
frodo1344shake,rsa_2048,23,30.12
frodo1344shake,rsa_2048,24,30.06
frodo1344shake,rsa_2048,25,29.58
frodo1344shake,rsa_2048,26,29.51
frodo1344shake,rsa_2048,27,29.05
frodo1344shake,rsa_2048,28,29.54
frodo1344shake,rsa_2048,29,29.00
frodo1344shake,rsa_2048,30,28.89
frodo1344shake,rsa_2048,31,29.27
frodo1344shake,rsa_2048,32,30.80
frodo1344shake,rsa_2048,33,29.12
frodo1344shake,rsa_2048,34,30.54
frodo1344shake,rsa_2048,35,30.16
frodo1344shake,rsa_2048,36,30.23
frodo1344shake,rsa_2048,37,29.69
frodo1344shake,rsa_2048,38,29.68
frodo1344shake,rsa_2048,39,29.56
frodo1344shake,rsa_2048,40,30.82
frodo1344shake,rsa_2048,41,30.14
frodo1344shake,rsa_2048,42,30.07
frodo1344shake,rsa_2048,43,29.65
frodo1344shake,rsa_2048,44,28.98
frodo1344shake,rsa_2048,45,29.12
frodo1344shake,rsa_2048,46,30.17
frodo1344shake,rsa_2048,47,30.01
frodo1344shake,rsa_2048,48,29.92
frodo1344shake,rsa_2048,49,29.42
frodo1344shake,rsa_2048,50,29.23
frodo1344shake,mldsa44,1,30.25
frodo1344shake,mldsa44,2,29.68
frodo1344shake,mldsa44,3,29.49
frodo1344shake,mldsa44,4,29.20
frodo1344shake,mldsa44,5,29.41
frodo1344shake,mldsa44,6,29.46
frodo1344shake,mldsa44,7,29.18
frodo1344shake,mldsa44,8,30.06
frodo1344shake,mldsa44,9,29.91
frodo1344shake,mldsa44,10,29.86
frodo1344shake,mldsa44,11,29.51
frodo1344shake,mldsa44,12,30.00
frodo1344shake,mldsa44,13,30.12
frodo1344shake,mldsa44,14,30.14
frodo1344shake,mldsa44,15,29.23
frodo1344shake,mldsa44,16,29.97
frodo1344shake,mldsa44,17,29.73
frodo1344shake,mldsa44,18,29.63
frodo1344shake,mldsa44,19,29.33
frodo1344shake,mldsa44,20,30.08
frodo1344shake,mldsa44,21,29.44
frodo1344shake,mldsa44,22,29.99
frodo1344shake,mldsa44,23,29.80
frodo1344shake,mldsa44,24,30.07
frodo1344shake,mldsa44,25,29.35
frodo1344shake,mldsa44,26,29.52
frodo1344shake,mldsa44,27,29.94
frodo1344shake,mldsa44,28,29.97
frodo1344shake,mldsa44,29,29.58
frodo1344shake,mldsa44,30,30.22
frodo1344shake,mldsa44,31,29.54
frodo1344shake,mldsa44,32,29.48
frodo1344shake,mldsa44,33,30.09
frodo1344shake,mldsa44,34,28.97
frodo1344shake,mldsa44,35,29.75
frodo1344shake,mldsa44,36,29.79
frodo1344shake,mldsa44,37,30.28
frodo1344shake,mldsa44,38,29.74
frodo1344shake,mldsa44,39,30.56
frodo1344shake,mldsa44,40,29.70
frodo1344shake,mldsa44,41,29.68
frodo1344shake,mldsa44,42,30.02
frodo1344shake,mldsa44,43,29.76
frodo1344shake,mldsa44,44,29.75
frodo1344shake,mldsa44,45,29.89
frodo1344shake,mldsa44,46,28.78
frodo1344shake,mldsa44,47,30.07
frodo1344shake,mldsa44,48,30.68
frodo1344shake,mldsa44,49,29.85
frodo1344shake,mldsa44,50,29.57
frodo1344shake,falcon512,1,31.57
frodo1344shake,falcon512,2,29.24
frodo1344shake,falcon512,3,30.12
frodo1344shake,falcon512,4,29.38
frodo1344shake,falcon512,5,30.10
frodo1344shake,falcon512,6,29.96
frodo1344shake,falcon512,7,30.19
frodo1344shake,falcon512,8,29.99
frodo1344shake,falcon512,9,30.35
frodo1344shake,falcon512,10,29.56
frodo1344shake,falcon512,11,29.22
frodo1344shake,falcon512,12,29.17
frodo1344shake,falcon512,13,30.16
frodo1344shake,falcon512,14,29.11
frodo1344shake,falcon512,15,29.20
frodo1344shake,falcon512,16,29.98
frodo1344shake,falcon512,17,29.90
frodo1344shake,falcon512,18,29.71
frodo1344shake,falcon512,19,30.14
frodo1344shake,falcon512,20,30.75
frodo1344shake,falcon512,21,30.22
frodo1344shake,falcon512,22,28.64
frodo1344shake,falcon512,23,30.10
frodo1344shake,falcon512,24,29.50
frodo1344shake,falcon512,25,29.63
frodo1344shake,falcon512,26,30.13
frodo1344shake,falcon512,27,29.34
frodo1344shake,falcon512,28,32.20
frodo1344shake,falcon512,29,30.33
frodo1344shake,falcon512,30,29.55
frodo1344shake,falcon512,31,30.52
frodo1344shake,falcon512,32,29.88
frodo1344shake,falcon512,33,29.45
frodo1344shake,falcon512,34,30.23
frodo1344shake,falcon512,35,30.45
frodo1344shake,falcon512,36,30.38
frodo1344shake,falcon512,37,29.55
frodo1344shake,falcon512,38,29.47
frodo1344shake,falcon512,39,29.72
frodo1344shake,falcon512,40,29.44
frodo1344shake,falcon512,41,29.19
frodo1344shake,falcon512,42,29.56
frodo1344shake,falcon512,43,30.45
frodo1344shake,falcon512,44,29.71
frodo1344shake,falcon512,45,30.69
frodo1344shake,falcon512,46,30.11
frodo1344shake,falcon512,47,29.51
frodo1344shake,falcon512,48,29.11
frodo1344shake,falcon512,49,29.54
frodo1344shake,falcon512,50,30.44
hqc128,rsa_2048,1,23.88
hqc128,rsa_2048,2,23.43
hqc128,rsa_2048,3,23.95
hqc128,rsa_2048,4,24.37
hqc128,rsa_2048,5,23.56
hqc128,rsa_2048,6,24.46
hqc128,rsa_2048,7,23.23
hqc128,rsa_2048,8,23.70
hqc128,rsa_2048,9,23.02
hqc128,rsa_2048,10,23.48
hqc128,rsa_2048,11,24.66
hqc128,rsa_2048,12,24.23
hqc128,rsa_2048,13,23.34
hqc128,rsa_2048,14,24.28
hqc128,rsa_2048,15,23.61
hqc128,rsa_2048,16,22.60
hqc128,rsa_2048,17,23.21
hqc128,rsa_2048,18,23.03
hqc128,rsa_2048,19,24.22
hqc128,rsa_2048,20,23.51
hqc128,rsa_2048,21,24.28
hqc128,rsa_2048,22,22.75
hqc128,rsa_2048,23,24.42
hqc128,rsa_2048,24,23.35
hqc128,rsa_2048,25,23.23
hqc128,rsa_2048,26,25.11
hqc128,rsa_2048,27,23.36
hqc128,rsa_2048,28,24.03
hqc128,rsa_2048,29,23.42
hqc128,rsa_2048,30,23.61
hqc128,rsa_2048,31,23.38
hqc128,rsa_2048,32,23.46
hqc128,rsa_2048,33,23.99
hqc128,rsa_2048,34,23.86
hqc128,rsa_2048,35,23.95
hqc128,rsa_2048,36,23.04
hqc128,rsa_2048,37,22.83
hqc128,rsa_2048,38,23.09
hqc128,rsa_2048,39,23.34
hqc128,rsa_2048,40,23.70
hqc128,rsa_2048,41,24.81
hqc128,rsa_2048,42,24.55
hqc128,rsa_2048,43,24.75
hqc128,rsa_2048,44,23.24
hqc128,rsa_2048,45,23.84
hqc128,rsa_2048,46,23.91
hqc128,rsa_2048,47,22.81
hqc128,rsa_2048,48,24.41
hqc128,rsa_2048,49,23.24
hqc128,rsa_2048,50,22.83
hqc128,mldsa44,1,23.45
hqc128,mldsa44,2,23.04
hqc128,mldsa44,3,23.52
hqc128,mldsa44,4,23.30
hqc128,mldsa44,5,23.45
hqc128,mldsa44,6,23.23
hqc128,mldsa44,7,23.39
hqc128,mldsa44,8,23.40
hqc128,mldsa44,9,23.06
hqc128,mldsa44,10,23.55
hqc128,mldsa44,11,24.37
hqc128,mldsa44,12,25.10
hqc128,mldsa44,13,24.14
hqc128,mldsa44,14,23.75
hqc128,mldsa44,15,23.88
hqc128,mldsa44,16,23.94
hqc128,mldsa44,17,22.43
hqc128,mldsa44,18,23.24
hqc128,mldsa44,19,23.64
hqc128,mldsa44,20,23.23
hqc128,mldsa44,21,24.25
hqc128,mldsa44,22,22.82
hqc128,mldsa44,23,23.80
hqc128,mldsa44,24,24.03
hqc128,mldsa44,25,23.77
hqc128,mldsa44,26,23.76
hqc128,mldsa44,27,23.79
hqc128,mldsa44,28,24.80
hqc128,mldsa44,29,24.01
hqc128,mldsa44,30,23.91
hqc128,mldsa44,31,23.99
hqc128,mldsa44,32,23.75
hqc128,mldsa44,33,23.78
hqc128,mldsa44,34,22.52
hqc128,mldsa44,35,22.93
hqc128,mldsa44,36,22.87
hqc128,mldsa44,37,22.71
hqc128,mldsa44,38,22.88
hqc128,mldsa44,39,22.92
hqc128,mldsa44,40,23.04
hqc128,mldsa44,41,23.59
hqc128,mldsa44,42,25.64
hqc128,mldsa44,43,23.23
hqc128,mldsa44,44,23.26
hqc128,mldsa44,45,23.72
hqc128,mldsa44,46,23.70
hqc128,mldsa44,47,24.15
hqc128,mldsa44,48,23.41
hqc128,mldsa44,49,23.64
hqc128,mldsa44,50,23.43
hqc128,falcon512,1,23.65
hqc128,falcon512,2,23.56
hqc128,falcon512,3,23.95
hqc128,falcon512,4,23.78
hqc128,falcon512,5,24.08
hqc128,falcon512,6,24.20
hqc128,falcon512,7,24.06
hqc128,falcon512,8,23.11
hqc128,falcon512,9,23.46
hqc128,falcon512,10,22.47
hqc128,falcon512,11,24.11
hqc128,falcon512,12,24.88
hqc128,falcon512,13,22.92
hqc128,falcon512,14,23.90
hqc128,falcon512,15,23.26
hqc128,falcon512,16,22.92
hqc128,falcon512,17,23.92
hqc128,falcon512,18,23.55
hqc128,falcon512,19,22.90
hqc128,falcon512,20,23.92
hqc128,falcon512,21,23.51
hqc128,falcon512,22,23.34
hqc128,falcon512,23,23.77
hqc128,falcon512,24,23.54
hqc128,falcon512,25,23.08
hqc128,falcon512,26,22.08
hqc128,falcon512,27,22.97
hqc128,falcon512,28,23.66
hqc128,falcon512,29,23.39
hqc128,falcon512,30,24.05
hqc128,falcon512,31,23.82
hqc128,falcon512,32,23.91
hqc128,falcon512,33,23.72
hqc128,falcon512,34,24.20
hqc128,falcon512,35,24.16
hqc128,falcon512,36,23.94
hqc128,falcon512,37,23.61
hqc128,falcon512,38,23.85
hqc128,falcon512,39,23.63
hqc128,falcon512,40,23.54
hqc128,falcon512,41,23.77
hqc128,falcon512,42,23.76
hqc128,falcon512,43,23.91
hqc128,falcon512,44,23.35
hqc128,falcon512,45,23.73
hqc128,falcon512,46,24.18
hqc128,falcon512,47,23.81
hqc128,falcon512,48,23.60
hqc128,falcon512,49,23.39
hqc128,falcon512,50,24.07
hqc192,rsa_2048,1,47.63
hqc192,rsa_2048,2,45.96
hqc192,rsa_2048,3,45.08
hqc192,rsa_2048,4,43.88
hqc192,rsa_2048,5,45.14
hqc192,rsa_2048,6,45.51
hqc192,rsa_2048,7,44.77
hqc192,rsa_2048,8,45.53
hqc192,rsa_2048,9,46.56
hqc192,rsa_2048,10,45.12
hqc192,rsa_2048,11,45.66
hqc192,rsa_2048,12,45.02
hqc192,rsa_2048,13,45.63
hqc192,rsa_2048,14,45.29
hqc192,rsa_2048,15,44.85
hqc192,rsa_2048,16,45.79
hqc192,rsa_2048,17,45.42
hqc192,rsa_2048,18,45.54
hqc192,rsa_2048,19,45.71
hqc192,rsa_2048,20,45.52
hqc192,rsa_2048,21,45.20
hqc192,rsa_2048,22,45.88
hqc192,rsa_2048,23,44.94
hqc192,rsa_2048,24,45.11
hqc192,rsa_2048,25,46.60
hqc192,rsa_2048,26,45.61
hqc192,rsa_2048,27,46.49
hqc192,rsa_2048,28,44.93
hqc192,rsa_2048,29,45.82
hqc192,rsa_2048,30,45.21
hqc192,rsa_2048,31,45.49
hqc192,rsa_2048,32,46.33
hqc192,rsa_2048,33,45.33
hqc192,rsa_2048,34,45.21
hqc192,rsa_2048,35,45.37
hqc192,rsa_2048,36,45.34
hqc192,rsa_2048,37,46.92
hqc192,rsa_2048,38,45.22
hqc192,rsa_2048,39,45.02
hqc192,rsa_2048,40,45.21
hqc192,rsa_2048,41,44.67
hqc192,rsa_2048,42,44.34
hqc192,rsa_2048,43,44.33
hqc192,rsa_2048,44,45.46
hqc192,rsa_2048,45,46.25
hqc192,rsa_2048,46,43.94
hqc192,rsa_2048,47,44.61
hqc192,rsa_2048,48,45.10
hqc192,rsa_2048,49,46.30
hqc192,rsa_2048,50,45.34
hqc192,mldsa44,1,44.92
hqc192,mldsa44,2,45.33
hqc192,mldsa44,3,45.41
hqc192,mldsa44,4,45.20
hqc192,mldsa44,5,45.55
hqc192,mldsa44,6,44.64
hqc192,mldsa44,7,45.51
hqc192,mldsa44,8,46.14
hqc192,mldsa44,9,45.07
hqc192,mldsa44,10,45.41
hqc192,mldsa44,11,46.14
hqc192,mldsa44,12,45.45
hqc192,mldsa44,13,44.33
hqc192,mldsa44,14,45.10
hqc192,mldsa44,15,45.66
hqc192,mldsa44,16,45.26
hqc192,mldsa44,17,45.33
hqc192,mldsa44,18,44.94
hqc192,mldsa44,19,45.42
hqc192,mldsa44,20,45.40
hqc192,mldsa44,21,45.53
hqc192,mldsa44,22,44.97
hqc192,mldsa44,23,52.79
hqc192,mldsa44,24,45.04
hqc192,mldsa44,25,45.19
hqc192,mldsa44,26,45.66
hqc192,mldsa44,27,44.96
hqc192,mldsa44,28,45.44
hqc192,mldsa44,29,44.92
hqc192,mldsa44,30,44.54
hqc192,mldsa44,31,45.23
hqc192,mldsa44,32,44.90
hqc192,mldsa44,33,45.70
hqc192,mldsa44,34,45.26
hqc192,mldsa44,35,45.84
hqc192,mldsa44,36,44.85
hqc192,mldsa44,37,44.88
hqc192,mldsa44,38,44.73
hqc192,mldsa44,39,44.70
hqc192,mldsa44,40,44.99
hqc192,mldsa44,41,44.68
hqc192,mldsa44,42,44.91
hqc192,mldsa44,43,45.62
hqc192,mldsa44,44,45.12
hqc192,mldsa44,45,45.16
hqc192,mldsa44,46,43.99
hqc192,mldsa44,47,44.89
hqc192,mldsa44,48,44.56
hqc192,mldsa44,49,44.85
hqc192,mldsa44,50,45.43
hqc192,falcon512,1,44.90
hqc192,falcon512,2,44.75
hqc192,falcon512,3,44.36
hqc192,falcon512,4,44.49
hqc192,falcon512,5,45.41
hqc192,falcon512,6,45.25
hqc192,falcon512,7,44.50
hqc192,falcon512,8,45.37
hqc192,falcon512,9,44.85
hqc192,falcon512,10,45.02
hqc192,falcon512,11,45.14
hqc192,falcon512,12,44.85
hqc192,falcon512,13,45.19
hqc192,falcon512,14,45.05
hqc192,falcon512,15,45.79
hqc192,falcon512,16,44.71
hqc192,falcon512,17,44.58
hqc192,falcon512,18,45.82
hqc192,falcon512,19,44.86
hqc192,falcon512,20,45.47
hqc192,falcon512,21,45.43
hqc192,falcon512,22,45.46
hqc192,falcon512,23,45.45
hqc192,falcon512,24,45.62
hqc192,falcon512,25,44.88
hqc192,falcon512,26,46.39
hqc192,falcon512,27,46.04
hqc192,falcon512,28,45.60
hqc192,falcon512,29,45.52
hqc192,falcon512,30,45.68
hqc192,falcon512,31,45.18
hqc192,falcon512,32,45.37
hqc192,falcon512,33,45.57
hqc192,falcon512,34,45.58
hqc192,falcon512,35,45.72
hqc192,falcon512,36,45.66
hqc192,falcon512,37,44.60
hqc192,falcon512,38,45.40
hqc192,falcon512,39,45.52
hqc192,falcon512,40,45.90
hqc192,falcon512,41,45.48
hqc192,falcon512,42,45.23
hqc192,falcon512,43,45.17
hqc192,falcon512,44,45.62
hqc192,falcon512,45,45.56
hqc192,falcon512,46,44.53
hqc192,falcon512,47,44.67
hqc192,falcon512,48,45.86
hqc192,falcon512,49,44.94
hqc192,falcon512,50,45.72
hqc256,rsa_2048,1,73.26
hqc256,rsa_2048,2,72.60
hqc256,rsa_2048,3,72.84
hqc256,rsa_2048,4,72.20
hqc256,rsa_2048,5,72.84
hqc256,rsa_2048,6,72.30
hqc256,rsa_2048,7,73.21
hqc256,rsa_2048,8,73.30
hqc256,rsa_2048,9,73.92
hqc256,rsa_2048,10,76.92
hqc256,rsa_2048,11,71.48
hqc256,rsa_2048,12,71.90
hqc256,rsa_2048,13,72.49
hqc256,rsa_2048,14,72.67
hqc256,rsa_2048,15,73.12
hqc256,rsa_2048,16,73.20
hqc256,rsa_2048,17,72.79
hqc256,rsa_2048,18,73.29
hqc256,rsa_2048,19,72.16
hqc256,rsa_2048,20,72.19
hqc256,rsa_2048,21,72.55
hqc256,rsa_2048,22,72.42
hqc256,rsa_2048,23,72.23
hqc256,rsa_2048,24,72.56
hqc256,rsa_2048,25,72.52
hqc256,rsa_2048,26,72.75
hqc256,rsa_2048,27,72.44
hqc256,rsa_2048,28,71.81
hqc256,rsa_2048,29,72.54
hqc256,rsa_2048,30,72.54
hqc256,rsa_2048,31,72.48
hqc256,rsa_2048,32,71.95
hqc256,rsa_2048,33,72.18
hqc256,rsa_2048,34,72.42
hqc256,rsa_2048,35,72.01
hqc256,rsa_2048,36,72.71
hqc256,rsa_2048,37,72.55
hqc256,rsa_2048,38,72.06
hqc256,rsa_2048,39,73.00
hqc256,rsa_2048,40,73.23
hqc256,rsa_2048,41,71.93
hqc256,rsa_2048,42,72.09
hqc256,rsa_2048,43,72.78
hqc256,rsa_2048,44,70.39
hqc256,rsa_2048,45,72.11
hqc256,rsa_2048,46,72.67
hqc256,rsa_2048,47,72.36
hqc256,rsa_2048,48,71.68
hqc256,rsa_2048,49,72.55
hqc256,rsa_2048,50,72.28
hqc256,mldsa44,1,72.81
hqc256,mldsa44,2,72.74
hqc256,mldsa44,3,71.56
hqc256,mldsa44,4,72.33
hqc256,mldsa44,5,72.66
hqc256,mldsa44,6,73.46
hqc256,mldsa44,7,72.66
hqc256,mldsa44,8,71.94
hqc256,mldsa44,9,72.35
hqc256,mldsa44,10,72.93
hqc256,mldsa44,11,73.23
hqc256,mldsa44,12,72.40
hqc256,mldsa44,13,73.02
hqc256,mldsa44,14,72.89
hqc256,mldsa44,15,72.28
hqc256,mldsa44,16,72.72
hqc256,mldsa44,17,72.44
hqc256,mldsa44,18,72.86
hqc256,mldsa44,19,72.48
hqc256,mldsa44,20,71.77
hqc256,mldsa44,21,72.61
hqc256,mldsa44,22,72.17
hqc256,mldsa44,23,72.75
hqc256,mldsa44,24,72.56
hqc256,mldsa44,25,72.77
hqc256,mldsa44,26,72.93
hqc256,mldsa44,27,72.81
hqc256,mldsa44,28,72.37
hqc256,mldsa44,29,72.25
hqc256,mldsa44,30,71.92
hqc256,mldsa44,31,72.76
hqc256,mldsa44,32,73.17
hqc256,mldsa44,33,72.75
hqc256,mldsa44,34,72.80
hqc256,mldsa44,35,72.22
hqc256,mldsa44,36,72.29
hqc256,mldsa44,37,72.65
hqc256,mldsa44,38,72.54
hqc256,mldsa44,39,72.81
hqc256,mldsa44,40,73.27
hqc256,mldsa44,41,72.25
hqc256,mldsa44,42,72.00
hqc256,mldsa44,43,72.53
hqc256,mldsa44,44,72.55
hqc256,mldsa44,45,72.16
hqc256,mldsa44,46,71.51
hqc256,mldsa44,47,72.23
hqc256,mldsa44,48,72.35
hqc256,mldsa44,49,72.42
hqc256,mldsa44,50,73.03
hqc256,falcon512,1,72.62
hqc256,falcon512,2,72.14
hqc256,falcon512,3,72.52
hqc256,falcon512,4,73.26
hqc256,falcon512,5,72.03
hqc256,falcon512,6,72.78
hqc256,falcon512,7,71.90
hqc256,falcon512,8,71.45
hqc256,falcon512,9,72.45
hqc256,falcon512,10,72.43
hqc256,falcon512,11,71.67
hqc256,falcon512,12,71.98
hqc256,falcon512,13,72.37
hqc256,falcon512,14,71.74
hqc256,falcon512,15,72.00
hqc256,falcon512,16,72.02
hqc256,falcon512,17,72.11
hqc256,falcon512,18,71.52
hqc256,falcon512,19,71.81
hqc256,falcon512,20,72.13
hqc256,falcon512,21,71.96
hqc256,falcon512,22,72.87
hqc256,falcon512,23,72.39
hqc256,falcon512,24,72.15
hqc256,falcon512,25,72.41
hqc256,falcon512,26,72.37
hqc256,falcon512,27,71.97
hqc256,falcon512,28,72.39
hqc256,falcon512,29,72.68
hqc256,falcon512,30,73.65
hqc256,falcon512,31,73.32
hqc256,falcon512,32,72.16
hqc256,falcon512,33,72.70
hqc256,falcon512,34,72.28
hqc256,falcon512,35,72.47
hqc256,falcon512,36,73.42
hqc256,falcon512,37,71.91
hqc256,falcon512,38,72.00
hqc256,falcon512,39,71.35
hqc256,falcon512,40,72.15
hqc256,falcon512,41,72.50
hqc256,falcon512,42,71.72
hqc256,falcon512,43,71.88
hqc256,falcon512,44,72.40
hqc256,falcon512,45,71.93
hqc256,falcon512,46,71.92
hqc256,falcon512,47,72.03
hqc256,falcon512,48,71.74
hqc256,falcon512,49,71.76
hqc256,falcon512,50,71.40
